username;name;lastname;password;phone;mail;service;poste;null
ldouy;Ludo;DOUY;Azerty1234;3720;ldouy@beertobeer.fr;Administration;Secrétaire;
jabschen;Jean;ABSCHEN;Azerty1234;3721;jabschen@beertobeer.fr;Administration;DAF;
sadamo;Stéphane;ADAMO;Azerty1234;3722;sadamo@beertobeer.fr;Produit A;Production;
vamellal;Viviane;AMELLAL;Azerty1234;3723;vamellal@beertobeer.fr;Produit A;Production;
jangonin;Jean-Pierre;ANGONIN;Azerty1234;3724;jangonin@beertobeer.fr;Produit A;Production;
mazoura;Marie-France;AZOURA;Azerty1234;3725;mazoura@beertobeer.fr;Produit A;Production;
mazria;Maryse;AZRIA;Azerty1234;3726;mazria@beertobeer.fr;Administration;Direction;
sbach;Sylvie;BACH;Azerty1234;3727;sbach@beertobeer.fr;Produit B;Production;
jbarnaud;Janine;BARNAUD;Azerty1234;3728;jbarnaud@beertobeer.fr;Produit B;Production;
pbensimhon;Pascal;BENSIMHON;Azerty1234;3729;pbensimhon@beertobeer.fr;Produit B;Production;
rbertrand;Roger;BERTRAND;Azerty1234;3730;rbertrand@beertobeer.fr;Produit B;Production;
mbidault;Marie-Reine;BIDAULT;Azerty1234;3731;mbidault@beertobeer.fr;Produit B;Production;
ebinet;Emmanuel;BINET;Azerty1234;3732;ebinet@beertobeer.fr;Produit B;Production;
gblanc;Giséle;BLANC;Azerty1234;3733;gblanc@beertobeer.fr;Produit A;Production;
gblanchot;Guy;BLANCHOT;Azerty1234;3734;gblanchot@beertobeer.fr;Produit B;Responsable;
mbouchet;Micheline;BOUCHET;Azerty1234;3735;mbouchet@beertobeer.fr;Produit A;Production;
oboudart;Orianne;BOUDART;Azerty1234;3736;oboudart@beertobeer.fr;SAV;;
pboullicaud;Paul;BOULLICAUD;Azerty1234;3737;pboullicaud@beertobeer.fr;Produit A;Production;
fbouslah;Fabien;BOUSLAH;Azerty1234;3738;fbouslah@beertobeer.fr;Produit A;Production;
gbouzckar;Ghislaine;BOUZCKAR;Azerty1234;3739;gbouzckar@beertobeer.fr;Produit A;Production;
gbovero;Gilbert;BOVERO;Azerty1234;3740;gbovero@beertobeer.fr;Produit A;Production;
cbreleur;Christophe;BRELEUR;Azerty1234;3741;cbreleur@beertobeer.fr;Administration;Secrétaire;
mcercotte;Marie-Isabelle;CERCOTTE;Azerty1234;3742;mcercotte@beertobeer.fr;Produit A;Production;
nchi;Nicole;CHI;Azerty1234;3743;nchi@beertobeer.fr;Produit A;Production;
vchiche;Vincent;CHICHE;Azerty1234;3744;vchiche@beertobeer.fr;Produit B;Responsable;
gcobhen;Gaylor;COBHEN;Azerty1234;3745;gcobhen@beertobeer.fr;Produit B;Production;
mcouderc;Marie-Louise;COUDERC;Azerty1234;3746;mcouderc@beertobeer.fr;Produit B;Production;
mcrié;Michel;CRIÉ;Azerty1234;3747;mcrié@beertobeer.fr;Produit B;Production;
ccymbalist;Christophe;CYMBALIST;Azerty1234;3748;ccymbalist@beertobeer.fr;Produit B;Production;
pemile-victor;Paul;EMILE-VICTOR;Azerty1234;3749;pemile-victor@beertobeer.fr;Produit A;Production;
rdestain;Roseline;DESTAIN;Azerty1234;3750;rdestain@beertobeer.fr;Produit A;Production;
fdorleans;François-Xavier;DORLEANS;Azerty1234;3751;fdorleans@beertobeer.fr;Produit A;Production;
jdorleans;Jérémie;DORLEANS;Azerty1234;3752;jdorleans@beertobeer.fr;Produit A;Production;
sdupré;Sophie;DUPRÉ;Azerty1234;3753;sdupré@beertobeer.fr;SAV;;
jegreve;Jean-René;EGREVE;Azerty1234;3754;jegreve@beertobeer.fr;Produit B;Production;
pfalzon;Patricia;FALZON;Azerty1234;3755;pfalzon@beertobeer.fr;Produit B;Production;
mfaucheux;Michel;FAUCHEUX;Azerty1234;3756;mfaucheux@beertobeer.fr;Administration;Direction;
dfebvre;Denis;FEBVRE;Azerty1234;3757;dfebvre@beertobeer.fr;Produit B;Production;
yfernandez;Yvette;FERNANDEZ;Azerty1234;3758;yfernandez@beertobeer.fr;Produit B;Production;
sferrand;Sophie;FERRAND;Azerty1234;3759;sferrand@beertobeer.fr;Produit B;Production;
sfilleau;Sylvie;FILLEAU;Azerty1234;3760;sfilleau@beertobeer.fr;Produit B;Production;
sfitoussi;Samuel;FITOUSSI;Azerty1234;3761;sfitoussi@beertobeer.fr;Produit B;Production;
nfournol;Nathalie;FOURNOL;Azerty1234;3762;nfournol@beertobeer.fr;Produit B;Production;
jfreyssinet;Jean-José;FREYSSINET;Azerty1234;3763;jfreyssinet@beertobeer.fr;Produit B;Production;
lfreyssinet;Ludovic;FREYSSINET;Azerty1234;3764;lfreyssinet@beertobeer.fr;Produit B;Responsable;
mfreyssinet;Maud;FREYSSINET;Azerty1234;3765;mfreyssinet@beertobeer.fr;Produit B;Production;
dgeil;Dominique;GEIL;Azerty1234;3766;dgeil@beertobeer.fr;Produit B;Production;
mgentil;Michelle;GENTIL;Azerty1234;3767;mgentil@beertobeer.fr;Administration;Secrétaire;
agirard;André;GIRARD;Azerty1234;3768;agirard@beertobeer.fr;Produit B;Production;
bgondouin;Bernard;GONDOUIN;Azerty1234;3769;bgondouin@beertobeer.fr;Produit B;Production;
ogorzinsky;Odette;GORZINSKY;Azerty1234;3770;ogorzinsky@beertobeer.fr;Produit B;Production;
mguelt;Monique;GUELT;Azerty1234;3771;mguelt@beertobeer.fr;SAV;;
fguitton;Francis;GUITTON;Azerty1234;3772;fguitton@beertobeer.fr;Produit B;Production;
jhermant;Jean-Pierre;HERMANT;Azerty1234;3773;jhermant@beertobeer.fr;Produit B;Production;
silardo;Sylvie;ILARDO;Azerty1234;3774;silardo@beertobeer.fr;Administration;Secrétaire;
simmeuble;Sylvie;IMMEUBLE;Azerty1234;3775;simmeuble@beertobeer.fr;SAV;;
mjolibois;Michele;JOLIBOIS;Azerty1234;3776;mjolibois@beertobeer.fr;SAV;;
gjuliense;Gautier;JULIENSE;Azerty1234;3777;gjuliense@beertobeer.fr;Produit B;Production;
mjuliense;Marie-Thérèse;JULIENSE;Azerty1234;3778;mjuliense@beertobeer.fr;Produit B;Production;
mjuliense;Matthieu;JULIENSE;Azerty1234;3779;mjuliense@beertobeer.fr;Produit B;Production;
ckac;Christine;KAC;Azerty1234;3780;ckac@beertobeer.fr;Produit B;Production;
vlacire;Vincent;LACIRE;Azerty1234;3781;vlacire@beertobeer.fr;Produit A;Production;
cladd;Claude;LADD;Azerty1234;3782;cladd@beertobeer.fr;Produit A;Production;
hlaforet;Hubert;LAFORET;Azerty1234;3783;hlaforet@beertobeer.fr;Produit A;Production;
mlandon;Marie-Odile;LANDON;Azerty1234;3784;mlandon@beertobeer.fr;Produit A;Production;
nle loch;Nicole;LE LOCH;Azerty1234;3785;nle loch@beertobeer.fr;Produit A;Responsable;
mle prevost;Marie-Anne;LE PREVOST;Azerty1234;3786;mle prevost@beertobeer.fr;Produit A;Production;
slegrand;Stéphane;LEGRAND;Azerty1234;3787;slegrand@beertobeer.fr;Produit A;Production;
plemaire;Philippe;LEMAIRE;Azerty1234;3788;plemaire@beertobeer.fr;Produit A;Production;
dleurre;Denise;LEURRE;Azerty1234;3789;dleurre@beertobeer.fr;Produit A;Production;
blhermitte;Bernard;LHERMITTE;Azerty1234;3790;blhermitte@beertobeer.fr;SAV;;
llouapre;Louisette;LOUAPRE;Azerty1234;3791;llouapre@beertobeer.fr;Produit A;Production;
mmarinier;Marcel;MARINIER;Azerty1234;3792;mmarinier@beertobeer.fr;Produit A;Production;
mmarote;Marie-José;MAROTE;Azerty1234;3793;mmarote@beertobeer.fr;Produit A;Production;
fmarsher;Franz;MARSHER;Azerty1234;3794;fmarsher@beertobeer.fr;Produit A;Production;
dmartaud;Daniel;MARTAUD;Azerty1234;3795;dmartaud@beertobeer.fr;Produit A;Production;
vmechard;Véronique;MECHARD;Azerty1234;3796;vmechard@beertobeer.fr;Administration;Secrétaire;
gmianet;Georges;MIANET;Azerty1234;3797;gmianet@beertobeer.fr;Produit B;Production;
smiceli;Stéphane;MICELI;Azerty1234;3798;smiceli@beertobeer.fr;Produit B;Production;
jmoita;Jeanne;MOITA;Azerty1234;3799;jmoita@beertobeer.fr;Produit B;Production;
lnaimi;Lucienne;NAIMI;Azerty1234;3800;lnaimi@beertobeer.fr;SAV;;
epuccini;Ernesto;PUCCINI;Azerty1234;3801;epuccini@beertobeer.fr;Produit B;Production;
rpartouche;Robert;PARTOUCHE;Azerty1234;3802;rpartouche@beertobeer.fr;Administration;Secrétaire;
pperfetto;Pascal;PERFETTO;Azerty1234;3803;pperfetto@beertobeer.fr;SAV;;
dpoisson;Daniel;POISSON;Azerty1234;3804;dpoisson@beertobeer.fr;Produit B;Production;
crambeaud;Christian;RAMBEAUD;Azerty1234;3805;crambeaud@beertobeer.fr;Produit B;Production;
vramond;Vincent;RAMOND;Azerty1234;3806;vramond@beertobeer.fr;Produit B;Production;
fremund;Françoise;REMUND;Azerty1234;3807;fremund@beertobeer.fr;Produit B;Production;
brideau;Bastien;RIDEAU;Azerty1234;3808;brideau@beertobeer.fr;Produit B;Production;
rriegert;Raymonde;RIEGERT;Azerty1234;3809;rriegert@beertobeer.fr;Produit A;Production;
rrodier;Régis;RODIER;Azerty1234;3810;rrodier@beertobeer.fr;Produit A;Production;
lroguet;Laurent;ROGUET;Azerty1234;3811;lroguet@beertobeer.fr;Produit A;Production;
rrosso;Robert;ROSSO;Azerty1234;3812;rrosso@beertobeer.fr;Produit A;Production;
mrotenberg;Michel;ROTENBERG;Azerty1234;3813;mrotenberg@beertobeer.fr;Produit A;Production;
yroux;Yveline;ROUX;Azerty1234;3814;yroux@beertobeer.fr;Produit A;Responsable;
esaintdefler;Elsa;SAINTDEFLER;Azerty1234;3815;esaintdefler@beertobeer.fr;Produit B;Production;
qsaintdefler;Quentin;SAINTDEFLER;Azerty1234;3816;qsaintdefler@beertobeer.fr;Produit B;Production;
tsaintdefler;Théo;SAINTDEFLER;Azerty1234;3817;tsaintdefler@beertobeer.fr;Administration;Secrétaire;
vsok;Vanessa;SOK;Azerty1234;3818;vsok@beertobeer.fr;Produit A;Production;
asong;Aline;SONG;Azerty1234;3819;asong@beertobeer.fr;Produit A;Production;
jstoeffler;Jean-Marc;STOEFFLER;Azerty1234;3820;jstoeffler@beertobeer.fr;Produit A;Production;
mtaieb;Michel;TAIEB;Azerty1234;3821;mtaieb@beertobeer.fr;Produit A;Production;
sthao;Sylvain;THAO;Azerty1234;3822;sthao@beertobeer.fr;Administration;Secrétaire;
fvannaxay;Francis;VANNAXAY;Azerty1234;3823;fvannaxay@beertobeer.fr;Produit B;Production;
mvidon;Marie-Louise;VIDON;Azerty1234;3824;mvidon@beertobeer.fr;Produit B;Production;
fzouc;Fred;ZOUC;Azerty1234;3825;fzouc@beertobeer.fr;Produit B;Production;
ftest;Fred;TEST;Azerty1235;3826;ftest@beertobeer.fr;;;